platform,operation,file_count,file_size,total_size_mb,elapsed_time,speed_mbps,concurrent_ops,iteration,status
AWS S3,upload,10,1024,0.009765625,0.06575632095336914,0.1485123385617218,10,1,success
Azure Blob Storage,upload,10,1024,0.009765625,0.48520708084106445,0.020126715758294653,10,1,success
AWS S3,download,10,1024,0.009765625,0.07338118553161621,0.1330807744417333,10,1,success
Azure Blob Storage,download,10,1024,0.009765625,0.2475450038909912,0.03944989737825767,10,1,success
AWS S3,upload,10,1024,0.009765625,0.06457877159118652,0.15122035863148528,10,2,success
Azure Blob Storage,upload,10,1024,0.009765625,0.4853651523590088,0.02012016098093644,10,2,success
AWS S3,download,10,1024,0.009765625,0.0778048038482666,0.1255144222077178,10,2,success
Azure Blob Storage,download,10,1024,0.009765625,0.2768990993499756,0.03526781063183282,10,2,success
AWS S3,upload,10,1024,0.009765625,0.06220507621765137,0.1569908051527939,10,3,success
Azure Blob Storage,upload,10,1024,0.009765625,0.4922490119934082,0.019838790453744523,10,3,success
AWS S3,download,10,1024,0.009765625,0.07117486000061035,0.13720610057984317,10,3,success
Azure Blob Storage,download,10,1024,0.009765625,0.25099897384643555,0.03890703157206825,10,3,success
AWS S3,upload,10,1024,0.009765625,0.06465268135070801,0.1510474862910393,25,1,success
Azure Blob Storage,upload,10,1024,0.009765625,0.45849108695983887,0.02129948711708634,25,1,success
AWS S3,download,10,1024,0.009765625,0.06942629814147949,0.14066175586806093,25,1,success
Azure Blob Storage,download,10,1024,0.009765625,0.27305102348327637,0.035764835727115,25,1,success
AWS S3,upload,10,1024,0.009765625,0.06049776077270508,0.16142126378346852,25,2,success
Azure Blob Storage,upload,10,1024,0.009765625,0.5190348625183105,0.018814969292463447,25,2,success
AWS S3,download,10,1024,0.009765625,0.08115983009338379,0.1203258433237664,25,2,success
Azure Blob Storage,download,10,1024,0.009765625,0.2676050662994385,0.03649267607315285,25,2,success
AWS S3,upload,10,1024,0.009765625,0.06309986114501953,0.15476460364240913,25,3,success
Azure Blob Storage,upload,10,1024,0.009765625,0.5394198894500732,0.018103939418985533,25,3,success
AWS S3,download,10,1024,0.009765625,0.08146882057189941,0.11986947805855928,25,3,success
Azure Blob Storage,download,10,1024,0.009765625,0.2707831859588623,0.03606436996972037,25,3,success
AWS S3,upload,10,1024,0.009765625,0.08337616920471191,0.11712729300410346,50,1,success
Azure Blob Storage,upload,10,1024,0.009765625,0.4898531436920166,0.019935821839167173,50,1,success
AWS S3,download,10,1024,0.009765625,0.09040522575378418,0.10802058087434432,50,1,success
Azure Blob Storage,download,10,1024,0.009765625,0.2947530746459961,0.03313154582603997,50,1,success
AWS S3,upload,10,1024,0.009765625,0.0648648738861084,0.15055336447808043,50,2,success
Azure Blob Storage,upload,10,1024,0.009765625,0.4626607894897461,0.021107526770898822,50,2,success
AWS S3,download,10,1024,0.009765625,0.06712603569030762,0.14548192664102264,50,2,success
Azure Blob Storage,download,10,1024,0.009765625,0.28890514373779297,0.033802184598219445,50,2,success
AWS S3,upload,10,1024,0.009765625,0.0758509635925293,0.12874754040648514,50,3,success
Azure Blob Storage,upload,10,1024,0.009765625,0.5208492279052734,0.01874942781287192,50,3,success
AWS S3,download,10,1024,0.009765625,0.08073973655700684,0.12095190567168762,50,3,success
Azure Blob Storage,download,10,1024,0.009765625,0.26934003829956055,0.03625760604199013,50,3,success
AWS S3,upload,50,1024,0.048828125,0.23396825790405273,0.20869551039707174,10,1,success
Azure Blob Storage,upload,50,1024,0.048828125,0.610008716583252,0.08004496275642334,10,1,success
AWS S3,download,50,1024,0.048828125,0.3497638702392578,0.1396031127131538,10,1,success
Azure Blob Storage,download,50,1024,0.048828125,0.32279086112976074,0.1512686103599794,10,1,success
AWS S3,upload,50,1024,0.048828125,0.29828715324401855,0.16369503167994423,10,2,success
Azure Blob Storage,upload,50,1024,0.048828125,0.5409111976623535,0.09027013160574167,10,2,success
AWS S3,download,50,1024,0.048828125,0.3366389274597168,0.14504598552656367,10,2,success
Azure Blob Storage,download,50,1024,0.048828125,0.2900390625,0.16835016835016836,10,2,success
AWS S3,upload,50,1024,0.048828125,0.28411006927490234,0.17186340887043447,10,3,success
Azure Blob Storage,upload,50,1024,0.048828125,0.5306768417358398,0.09201103413573425,10,3,success
AWS S3,download,50,1024,0.048828125,0.32453417778015137,0.15045603311795885,10,3,success
Azure Blob Storage,download,50,1024,0.048828125,0.35081911087036133,0.1391831958038441,10,3,success
AWS S3,upload,50,1024,0.048828125,0.2833831310272217,0.17230427521569583,25,1,success
Azure Blob Storage,upload,50,1024,0.048828125,0.5183660984039307,0.09419621605337172,25,1,success
AWS S3,download,50,1024,0.048828125,0.32659316062927246,0.14950749399013455,25,1,success
Azure Blob Storage,download,50,1024,0.048828125,0.34723997116088867,0.14061781204726626,25,1,success
AWS S3,upload,50,1024,0.048828125,0.27565813064575195,0.17713290330169504,25,2,success
Azure Blob Storage,upload,50,1024,0.048828125,0.5233449935913086,0.09330007088618666,25,2,success
AWS S3,download,50,1024,0.048828125,0.3321378231048584,0.14701163674630516,25,2,success
Azure Blob Storage,download,50,1024,0.048828125,0.3118758201599121,0.15656271452837775,25,2,success
AWS S3,upload,50,1024,0.048828125,0.3384556770324707,0.14426741317539057,25,3,success
Azure Blob Storage,upload,50,1024,0.048828125,0.536628007888794,0.09099063836064016,25,3,success
AWS S3,download,50,1024,0.048828125,0.2597818374633789,0.187958193986072,25,3,success
Azure Blob Storage,download,50,1024,0.048828125,0.33422207832336426,0.1460948517971878,25,3,success
AWS S3,upload,50,1024,0.048828125,0.2834329605102539,0.1722739829273791,50,1,success
Azure Blob Storage,upload,50,1024,0.048828125,0.5314879417419434,0.09187061674431708,50,1,success
AWS S3,download,50,1024,0.048828125,0.34143900871276855,0.14300687312818458,50,1,success
Azure Blob Storage,download,50,1024,0.048828125,0.309643030166626,0.1576916650561276,50,1,success
AWS S3,upload,50,1024,0.048828125,0.3016200065612793,0.16188622749757725,50,2,success
Azure Blob Storage,upload,50,1024,0.048828125,0.6422600746154785,0.07602547150269838,50,2,success
AWS S3,download,50,1024,0.048828125,0.31109094619750977,0.1569577179819284,50,2,success
Azure Blob Storage,download,50,1024,0.048828125,0.38719916343688965,0.12610596718904996,50,2,success
AWS S3,upload,50,1024,0.048828125,0.27295994758605957,0.178883845164153,50,3,success
Azure Blob Storage,upload,50,1024,0.048828125,0.5522928237915039,0.08840984871900691,50,3,success
AWS S3,download,50,1024,0.048828125,0.3553640842437744,0.13740309492420355,50,3,success
Azure Blob Storage,download,50,1024,0.048828125,0.4744558334350586,0.1029139522776747,50,3,success
AWS S3,upload,100,1024,0.09765625,0.535546064376831,0.18234892662993274,10,1,success
Azure Blob Storage,upload,100,1024,0.09765625,0.5992310047149658,0.1629692876897313,10,1,success
AWS S3,download,100,1024,0.09765625,0.6464409828186035,0.15106754150115992,10,1,success
Azure Blob Storage,download,100,1024,0.09765625,0.42031407356262207,0.23234113759802602,10,1,success
AWS S3,upload,100,1024,0.09765625,0.6265277862548828,0.15586898481190692,10,2,success
Azure Blob Storage,upload,100,1024,0.09765625,0.5824718475341797,0.16765831758807792,10,2,success
AWS S3,download,100,1024,0.09765625,0.6614272594451904,0.1476447313071353,10,2,success
Azure Blob Storage,download,100,1024,0.09765625,0.42509984970092773,0.22972543996123382,10,2,success
AWS S3,upload,100,1024,0.09765625,0.5430848598480225,0.1798176624318495,10,3,success
Azure Blob Storage,upload,100,1024,0.09765625,0.5937049388885498,0.16448616746025085,10,3,success
AWS S3,download,100,1024,0.09765625,0.681771993637085,0.1432388700495426,10,3,success
Azure Blob Storage,download,100,1024,0.09765625,0.5000231266021729,0.19530346658885045,10,3,success
AWS S3,upload,100,1024,0.09765625,0.5613231658935547,0.1739750930189096,25,1,success
Azure Blob Storage,upload,100,1024,0.09765625,0.7215220928192139,0.13534755341783963,25,1,success
AWS S3,download,100,1024,0.09765625,0.7079389095306396,0.13794445916914733,25,1,success
Azure Blob Storage,download,100,1024,0.09765625,0.49141979217529297,0.19872266350469928,25,1,success
AWS S3,upload,100,1024,0.09765625,0.5545289516448975,0.17610667524269485,25,2,success
Azure Blob Storage,upload,100,1024,0.09765625,0.609503984451294,0.16022249647459655,25,2,success
AWS S3,download,100,1024,0.09765625,0.6344630718231201,0.1539195176787614,25,2,success
Azure Blob Storage,download,100,1024,0.09765625,0.3787398338317871,0.2578452047464669,25,2,success
AWS S3,upload,100,1024,0.09765625,0.550868034362793,0.17727703171770018,25,3,success
Azure Blob Storage,upload,100,1024,0.09765625,0.6456770896911621,0.15124626776940556,25,3,success
AWS S3,download,100,1024,0.09765625,0.6462652683258057,0.15110861558905245,25,3,success
Azure Blob Storage,download,100,1024,0.09765625,0.4324460029602051,0.2258229913827799,25,3,success
AWS S3,upload,100,1024,0.09765625,0.553955078125,0.17628911414720141,50,1,success
Azure Blob Storage,upload,100,1024,0.09765625,0.6182599067687988,0.15795339295148408,50,1,success
AWS S3,download,100,1024,0.09765625,0.6696372032165527,0.14583456464323583,50,1,success
Azure Blob Storage,download,100,1024,0.09765625,0.5159227848052979,0.18928462335086466,50,1,success
AWS S3,upload,100,1024,0.09765625,0.5701248645782471,0.17128923165321291,50,2,success
Azure Blob Storage,upload,100,1024,0.09765625,0.658627986907959,0.14827224463761987,50,2,success
AWS S3,download,100,1024,0.09765625,0.6060550212860107,0.1611342973329048,50,2,success
Azure Blob Storage,download,100,1024,0.09765625,0.42469096183776855,0.2299466171293388,50,2,success
AWS S3,upload,100,1024,0.09765625,0.565532922744751,0.17268004403003856,50,3,success
Azure Blob Storage,upload,100,1024,0.09765625,0.7339718341827393,0.1330517677272153,50,3,success
AWS S3,download,100,1024,0.09765625,0.6791098117828369,0.1438003814782581,50,3,success
Azure Blob Storage,download,100,1024,0.09765625,0.4334690570831299,0.22529001414112856,50,3,success
AWS S3,upload,10,10240,0.09765625,0.05137276649475098,1.9009342237774571,10,1,success
Azure Blob Storage,upload,10,10240,0.09765625,1.0184409618377686,0.09588798335819101,10,1,success
AWS S3,download,10,10240,0.09765625,0.07102274894714355,1.3749995803834287,10,1,success
Azure Blob Storage,download,10,10240,0.09765625,0.2737419605255127,0.3567456367029945,10,1,success
AWS S3,upload,10,10240,0.09765625,0.06397199630737305,1.5265468585782542,10,2,success
Azure Blob Storage,upload,10,10240,0.09765625,0.44927310943603516,0.21736500126300953,10,2,success
AWS S3,download,10,10240,0.09765625,0.06802630424499512,1.4355660076474732,10,2,success
Azure Blob Storage,download,10,10240,0.09765625,0.2970259189605713,0.32878023016221486,10,2,success
AWS S3,upload,10,10240,0.09765625,0.06822085380554199,1.4314721166985276,10,3,success
Azure Blob Storage,upload,10,10240,0.09765625,0.4602622985839844,0.21217521031038913,10,3,success
AWS S3,download,10,10240,0.09765625,0.08290815353393555,1.1778847536391923,10,3,success
Azure Blob Storage,download,10,10240,0.09765625,0.2676851749420166,0.3648175511443746,10,3,success
AWS S3,upload,10,10240,0.09765625,0.06269168853759766,1.5577224394176796,25,1,success
Azure Blob Storage,upload,10,10240,0.09765625,0.5176169872283936,0.18866507941114016,25,1,success
AWS S3,download,10,10240,0.09765625,0.07217192649841309,1.3531057675472646,25,1,success
Azure Blob Storage,download,10,10240,0.09765625,0.27753281593322754,0.3518728034795547,25,1,success
AWS S3,upload,10,10240,0.09765625,0.06139016151428223,1.590747565915437,25,2,success
Azure Blob Storage,upload,10,10240,0.09765625,0.4860999584197998,0.20089746626899171,25,2,success
AWS S3,download,10,10240,0.09765625,0.07440185546875,1.3125512715340444,25,2,success
Azure Blob Storage,download,10,10240,0.09765625,0.25951504707336426,0.3763028429422546,25,2,success
AWS S3,upload,10,10240,0.09765625,0.06254291534423828,1.561427852579253,25,3,success
Azure Blob Storage,upload,10,10240,0.09765625,0.45273685455322266,0.21570201104208928,25,3,success
AWS S3,download,10,10240,0.09765625,0.07401609420776367,1.3193921003974927,25,3,success
Azure Blob Storage,download,10,10240,0.09765625,0.3275949954986572,0.29810055508128264,25,3,success
AWS S3,upload,10,10240,0.09765625,0.06524801254272461,1.4966930975262176,50,1,success
Azure Blob Storage,upload,10,10240,0.09765625,0.4920470714569092,0.19846932471490628,50,1,success
AWS S3,download,10,10240,0.09765625,0.07279014587402344,1.3416136048004612,50,1,success
Azure Blob Storage,download,10,10240,0.09765625,0.26680588722229004,0.36601984692578177,50,1,success
AWS S3,upload,10,10240,0.09765625,0.06323981285095215,1.5442210467978903,50,2,success
Azure Blob Storage,upload,10,10240,0.09765625,0.44611597061157227,0.21890328173215773,50,2,success
AWS S3,download,10,10240,0.09765625,0.06969785690307617,1.4011370555597364,50,2,success
Azure Blob Storage,download,10,10240,0.09765625,0.3178212642669678,0.3072678293733342,50,2,success
AWS S3,upload,10,10240,0.09765625,0.06163191795349121,1.584507723314623,50,3,success
Azure Blob Storage,upload,10,10240,0.09765625,0.48232316970825195,0.20247057602285704,50,3,success
AWS S3,download,10,10240,0.09765625,0.08300089836120605,1.1765685905593009,50,3,success
Azure Blob Storage,download,10,10240,0.09765625,0.24401497840881348,0.4002059653747583,50,3,success
AWS S3,upload,50,10240,0.48828125,0.2524240016937256,1.9343693417571592,10,1,success
Azure Blob Storage,upload,50,10240,0.48828125,0.5533881187438965,0.8823486328335368,10,1,success
AWS S3,download,50,10240,0.48828125,0.31195592880249023,1.5652251004633004,10,1,success
Azure Blob Storage,download,50,10240,0.48828125,0.45715880393981934,1.0680779759505137,10,1,success
AWS S3,upload,50,10240,0.48828125,0.285736083984375,1.7088539997863932,10,2,success
Azure Blob Storage,upload,50,10240,0.48828125,0.5833642482757568,0.8370092124143833,10,2,success
AWS S3,download,50,10240,0.48828125,0.3796417713165283,1.2861631329627659,10,2,success
Azure Blob Storage,download,50,10240,0.48828125,0.4588611125946045,1.0641155604558448,10,2,success
AWS S3,upload,50,10240,0.48828125,0.285858154296875,1.7081242660403544,10,3,success
Azure Blob Storage,upload,50,10240,0.48828125,0.6742599010467529,0.7241736446761392,10,3,success
AWS S3,download,50,10240,0.48828125,0.32476115226745605,1.5035087989769091,10,3,success
Azure Blob Storage,download,50,10240,0.48828125,0.3259429931640625,1.4980572070595946,10,3,success
AWS S3,upload,50,10240,0.48828125,0.29501795768737793,1.6550899268220738,25,1,success
Azure Blob Storage,upload,50,10240,0.48828125,0.769981861114502,0.6341464320902866,25,1,success
AWS S3,download,50,10240,0.48828125,0.34041905403137207,1.4343534658756245,25,1,success
Azure Blob Storage,download,50,10240,0.48828125,0.3395988941192627,1.4378175502200605,25,1,success
AWS S3,upload,50,10240,0.48828125,0.29671812057495117,1.6456064397208254,25,2,success
Azure Blob Storage,upload,50,10240,0.48828125,0.6233730316162109,0.7832890183491572,25,2,success
AWS S3,download,50,10240,0.48828125,0.32760000228881836,1.4904799956915813,25,2,success
Azure Blob Storage,download,50,10240,0.48828125,0.3742258548736572,1.3047768978037317,25,2,success
AWS S3,upload,50,10240,0.48828125,0.30721211433410645,1.5893945167441315,25,3,success
Azure Blob Storage,upload,50,10240,0.48828125,0.579524040222168,0.8425556424075369,25,3,success
AWS S3,download,50,10240,0.48828125,0.31458091735839844,1.5521642383784735,25,3,success
Azure Blob Storage,download,50,10240,0.48828125,0.41699671745300293,1.1709474668827127,25,3,success
AWS S3,upload,50,10240,0.48828125,0.29317712783813477,1.6654820708578046,50,1,success
Azure Blob Storage,upload,50,10240,0.48828125,0.5466761589050293,0.8931818994594679,50,1,success
AWS S3,download,50,10240,0.48828125,0.32718515396118164,1.4923698220669614,50,1,success
Azure Blob Storage,download,50,10240,0.48828125,0.3525576591491699,1.3849684933192852,50,1,success
AWS S3,upload,50,10240,0.48828125,0.2899298667907715,1.6841357373932409,50,2,success
Azure Blob Storage,upload,50,10240,0.48828125,0.6478140354156494,0.7537367567016509,50,2,success
AWS S3,download,50,10240,0.48828125,0.3441660404205322,1.4187374483646764,50,2,success
Azure Blob Storage,download,50,10240,0.48828125,0.3808250427246094,1.2821668619967745,50,2,success
AWS S3,upload,50,10240,0.48828125,0.2898092269897461,1.684836797888689,50,3,success
Azure Blob Storage,upload,50,10240,0.48828125,0.5974941253662109,0.8172151478489046,50,3,success
AWS S3,download,50,10240,0.48828125,0.38123106956481934,1.2808013013141346,50,3,success
Azure Blob Storage,download,50,10240,0.48828125,0.40569305419921875,1.2035731076633756,50,3,success
AWS S3,upload,100,10240,0.9765625,0.5285871028900146,1.8474958898177989,10,1,success
Azure Blob Storage,upload,100,10240,0.9765625,0.7459800243377686,1.3091000672128281,10,1,success
AWS S3,download,100,10240,0.9765625,0.651839017868042,1.4981651500304864,10,1,success
Azure Blob Storage,download,100,10240,0.9765625,0.511693000793457,1.9084929801378812,10,1,success
AWS S3,upload,100,10240,0.9765625,0.5700581073760986,1.7130929064319194,10,2,success
Azure Blob Storage,upload,100,10240,0.9765625,0.7194209098815918,1.3574285742691725,10,2,success
AWS S3,download,100,10240,0.9765625,0.5808141231536865,1.681368377713495,10,2,success
Azure Blob Storage,download,100,10240,0.9765625,0.4503970146179199,2.1682259613297745,10,2,success
AWS S3,upload,100,10240,0.9765625,0.568112850189209,1.7189586535047703,10,3,success
Azure Blob Storage,upload,100,10240,0.9765625,0.727060079574585,1.3431661666411434,10,3,success
AWS S3,download,100,10240,0.9765625,0.6287102699279785,1.5532790646347632,10,3,success
Azure Blob Storage,download,100,10240,0.9765625,0.45323801040649414,2.154635042908589,10,3,success
AWS S3,upload,100,10240,0.9765625,0.5654339790344238,1.7271026082791294,25,1,success
Azure Blob Storage,upload,100,10240,0.9765625,0.8390693664550781,1.1638638461153772,25,1,success
AWS S3,download,100,10240,0.9765625,0.5864839553833008,1.665113752961512,25,1,success
Azure Blob Storage,download,100,10240,0.9765625,0.40625882148742676,2.403793956829128,25,1,success
AWS S3,upload,100,10240,0.9765625,0.6023640632629395,1.6212164031002598,25,2,success
Azure Blob Storage,upload,100,10240,0.9765625,0.6517441272735596,1.4983832751746498,25,2,success
AWS S3,download,100,10240,0.9765625,0.6529510021209717,1.4956137548266955,25,2,success
Azure Blob Storage,download,100,10240,0.9765625,0.555476188659668,1.758063657699512,25,2,success
AWS S3,upload,100,10240,0.9765625,0.5765702724456787,1.6937441048731945,25,3,success
Azure Blob Storage,upload,100,10240,0.9765625,0.6610989570617676,1.4771805182393567,25,3,success
AWS S3,download,100,10240,0.9765625,0.5660459995269775,1.7252352296740459,25,3,success
Azure Blob Storage,download,100,10240,0.9765625,0.5287601947784424,1.8468911042163316,25,3,success
AWS S3,upload,100,10240,0.9765625,0.6160850524902344,1.5851098741199854,50,1,success
Azure Blob Storage,upload,100,10240,0.9765625,20.924151182174683,0.04667154674508064,50,1,success
AWS S3,download,100,10240,0.9765625,0.6223478317260742,1.569158676574024,50,1,success
Azure Blob Storage,download,100,10240,0.9765625,0.401932954788208,2.429665167700876,50,1,success
AWS S3,upload,100,10240,0.9765625,0.5814898014068604,1.679414664947344,50,2,success
Azure Blob Storage,upload,100,10240,0.9765625,0.8435268402099609,1.1577136060743787,50,2,success
AWS S3,download,100,10240,0.9765625,0.632561206817627,1.54382293677638,50,2,success
Azure Blob Storage,download,100,10240,0.9765625,0.42956018447875977,2.2734008767246157,50,2,success
AWS S3,upload,100,10240,0.9765625,0.6229538917541504,1.5676320718538856,50,3,success
Azure Blob Storage,upload,100,10240,0.9765625,0.797515869140625,1.2245054146098802,50,3,success
AWS S3,download,100,10240,0.9765625,0.6335508823394775,1.541411317105112,50,3,success
Azure Blob Storage,download,100,10240,0.9765625,0.4448208808898926,2.1954061554986457,50,3,success
AWS S3,upload,10,102400,0.9765625,0.06168699264526367,15.830930608269497,10,1,success
Azure Blob Storage,upload,10,102400,0.9765625,0.6838288307189941,1.428080326729159,10,1,success
AWS S3,download,10,102400,0.9765625,0.07127714157104492,13.700921199633393,10,1,success
Azure Blob Storage,download,10,102400,0.9765625,0.39882707595825195,2.4485862642440646,10,1,success
AWS S3,upload,10,102400,0.9765625,0.15013384819030762,6.5046124626215045,10,2,success
Azure Blob Storage,upload,10,102400,0.9765625,0.5970468521118164,1.635654717122781,10,2,success
AWS S3,download,10,102400,0.9765625,0.07372474670410156,13.246061107805344,10,2,success
Azure Blob Storage,download,10,102400,0.9765625,0.4459090232849121,2.190048752110649,10,2,success
AWS S3,upload,10,102400,0.9765625,0.0768120288848877,12.713666260052829,10,3,success
Azure Blob Storage,upload,10,102400,0.9765625,0.641855001449585,1.521469019941422,10,3,success
AWS S3,download,10,102400,0.9765625,0.06415700912475586,15.221446780678871,10,3,success
Azure Blob Storage,download,10,102400,0.9765625,0.42176103591918945,2.315440301097686,10,3,success
AWS S3,upload,10,102400,0.9765625,0.07143306732177734,13.67101451210232,25,1,success
Azure Blob Storage,upload,10,102400,0.9765625,0.6303458213806152,1.5492487883255632,25,1,success
AWS S3,download,10,102400,0.9765625,0.06807565689086914,14.34525268798375,25,1,success
Azure Blob Storage,download,10,102400,0.9765625,0.41606712341308594,2.347127290397407,25,1,success
AWS S3,upload,10,102400,0.9765625,0.07716989517211914,12.65470813225653,25,2,success
Azure Blob Storage,upload,10,102400,0.9765625,0.6885480880737305,1.4182923704457786,25,2,success
AWS S3,download,10,102400,0.9765625,0.07409405708312988,13.18003816290347,25,2,success
Azure Blob Storage,download,10,102400,0.9765625,0.4177370071411133,2.3377447611916105,25,2,success
AWS S3,upload,10,102400,0.9765625,0.07567477226257324,12.90472994899229,25,3,success
Azure Blob Storage,upload,10,102400,0.9765625,1.1786019802093506,0.8285770059766376,25,3,success
AWS S3,download,10,102400,0.9765625,0.07063078880310059,13.826300350720851,25,3,success
Azure Blob Storage,download,10,102400,0.9765625,0.43590593338012695,2.2403055916846157,25,3,success
AWS S3,upload,10,102400,0.9765625,0.07113909721374512,13.727507632909823,50,1,success
Azure Blob Storage,upload,10,102400,0.9765625,0.6119229793548584,1.5958912035458708,50,1,success
AWS S3,download,10,102400,0.9765625,0.06686210632324219,14.60561974040793,50,1,success
Azure Blob Storage,download,10,102400,0.9765625,0.45039987564086914,2.168212188359199,50,1,success
AWS S3,upload,10,102400,0.9765625,0.07170295715332031,13.619556832389009,50,2,success
Azure Blob Storage,upload,10,102400,0.9765625,0.5978577136993408,1.6334363137298378,50,2,success
AWS S3,download,10,102400,0.9765625,0.06936097145080566,14.079423623595408,50,2,success
Azure Blob Storage,download,10,102400,0.9765625,0.40909290313720703,2.3871411420512163,50,2,success
AWS S3,upload,10,102400,0.9765625,0.07314515113830566,13.351021698669786,50,3,success
Azure Blob Storage,upload,10,102400,0.9765625,0.6646897792816162,1.469200415651719,50,3,success
AWS S3,download,10,102400,0.9765625,0.07676124572753906,12.722077276680333,50,3,success
Azure Blob Storage,download,10,102400,0.9765625,0.38439178466796875,2.54053946767759,50,3,success
AWS S3,upload,50,102400,4.8828125,0.32079005241394043,15.22120920912886,10,1,success
Azure Blob Storage,upload,50,102400,4.8828125,1.2925338745117188,3.7777056340937936,10,1,success
AWS S3,download,50,102400,4.8828125,0.2705399990081787,18.04839401900193,10,1,success
Azure Blob Storage,download,50,102400,4.8828125,0.6258401870727539,7.802011760923198,10,1,success
AWS S3,upload,50,102400,4.8828125,0.392855167388916,12.429039771713496,10,2,success
Azure Blob Storage,upload,50,102400,4.8828125,0.9469850063323975,5.156166641867721,10,2,success
AWS S3,download,50,102400,4.8828125,0.31693267822265625,15.406465901157892,10,2,success
Azure Blob Storage,download,50,102400,4.8828125,0.611903190612793,7.979714070636055,10,2,success
AWS S3,upload,50,102400,4.8828125,0.35155463218688965,13.889199723029826,10,3,success
Azure Blob Storage,upload,50,102400,4.8828125,0.7448949813842773,6.555034766009584,10,3,success
AWS S3,download,50,102400,4.8828125,0.4003739356994629,12.195630296137058,10,3,success
Azure Blob Storage,download,50,102400,4.8828125,0.5978248119354248,8.167631055981374,10,3,success
AWS S3,upload,50,102400,4.8828125,0.34622788429260254,14.102886340239019,25,1,success
Azure Blob Storage,upload,50,102400,4.8828125,0.8073587417602539,6.047884598801999,25,1,success
AWS S3,download,50,102400,4.8828125,0.30849218368530273,15.827994219072425,25,1,success
Azure Blob Storage,download,50,102400,4.8828125,0.8996028900146484,5.427742122883234,25,1,success
AWS S3,upload,50,102400,4.8828125,0.3478708267211914,14.03628049532718,25,2,success
Azure Blob Storage,upload,50,102400,4.8828125,0.9676010608673096,5.046307509856685,25,2,success
AWS S3,download,50,102400,4.8828125,0.32775282859802246,14.897850068560663,25,2,success
Azure Blob Storage,download,50,102400,4.8828125,0.6262149810791016,7.797342202810089,25,2,success
AWS S3,upload,50,102400,4.8828125,0.33939409255981445,14.386851766252997,25,3,success
Azure Blob Storage,upload,50,102400,4.8828125,1.2068259716033936,4.045995541107453,25,3,success
AWS S3,download,50,102400,4.8828125,0.26122593879699707,18.69191291832054,25,3,success
Azure Blob Storage,download,50,102400,4.8828125,0.7147712707519531,6.831293729619529,25,3,success
AWS S3,upload,50,102400,4.8828125,0.3436741828918457,14.207679084048689,50,1,success
Azure Blob Storage,upload,50,102400,4.8828125,0.9234018325805664,5.2878522954133045,50,1,success
AWS S3,download,50,102400,4.8828125,0.312269926071167,15.636512172123794,50,1,success
Azure Blob Storage,download,50,102400,4.8828125,0.5559670925140381,8.78255667600814,50,1,success
AWS S3,upload,50,102400,4.8828125,0.3749372959136963,13.023010922668877,50,2,success
Azure Blob Storage,upload,50,102400,4.8828125,0.7821221351623535,6.243030698762185,50,2,success
AWS S3,download,50,102400,4.8828125,0.3540158271789551,13.792638987103075,50,2,success
Azure Blob Storage,download,50,102400,4.8828125,0.636411190032959,7.672417733175189,50,2,success
AWS S3,upload,50,102400,4.8828125,0.35854005813598633,13.618596832346295,50,3,success
Azure Blob Storage,upload,50,102400,4.8828125,0.9803071022033691,4.980900871803577,50,3,success
AWS S3,download,50,102400,4.8828125,0.28220605850219727,17.302295088615125,50,3,success
Azure Blob Storage,download,50,102400,4.8828125,0.6413331031799316,7.613535736405117,50,3,success
AWS S3,upload,100,102400,9.765625,0.6690101623535156,14.597125050605268,10,1,success
Azure Blob Storage,upload,100,102400,9.765625,0.9148001670837402,10.67514562347698,10,1,success
AWS S3,download,100,102400,9.765625,0.7933521270751953,12.309319741792786,10,1,success
Azure Blob Storage,download,100,102400,9.765625,0.7507083415985107,13.008547339710782,10,1,success
AWS S3,upload,100,102400,9.765625,0.7678499221801758,12.71814285306198,10,2,success
Azure Blob Storage,upload,100,102400,9.765625,0.8449161052703857,11.558100193716694,10,2,success
AWS S3,download,100,102400,9.765625,0.5794570446014404,16.85306113884067,10,2,success
Azure Blob Storage,download,100,102400,9.765625,0.7823598384857178,12.482267774508564,10,2,success
AWS S3,upload,100,102400,9.765625,0.7124581336975098,13.706945767210817,10,3,success
Azure Blob Storage,upload,100,102400,9.765625,1.1136162281036377,8.76929120962053,10,3,success
AWS S3,download,100,102400,9.765625,0.5622920989990234,17.367530181171833,10,3,success
Azure Blob Storage,download,100,102400,9.765625,0.7921040058135986,12.328715583213564,10,3,success
AWS S3,upload,100,102400,9.765625,0.7266690731048584,13.438888981849953,25,1,success
Azure Blob Storage,upload,100,102400,9.765625,1.0527870655059814,9.275973575251449,25,1,success
AWS S3,download,100,102400,9.765625,0.5416240692138672,18.030264079981123,25,1,success
Azure Blob Storage,download,100,102400,9.765625,0.7644791603088379,12.774220027207592,25,1,success
AWS S3,upload,100,102400,9.765625,0.7079780101776123,13.793684068732688,25,2,success
Azure Blob Storage,upload,100,102400,9.765625,1.4570109844207764,6.702506092555129,25,2,success
AWS S3,download,100,102400,9.765625,0.5520477294921875,17.689820061361562,25,2,success
Azure Blob Storage,download,100,102400,9.765625,0.742318868637085,13.1555661759345,25,2,success
AWS S3,upload,100,102400,9.765625,0.7186620235443115,13.588619796323309,25,3,success
Azure Blob Storage,upload,100,102400,9.765625,1.5343680381774902,6.364590995781905,25,3,success
AWS S3,download,100,102400,9.765625,0.5530679225921631,17.657189291018156,25,3,success
Azure Blob Storage,download,100,102400,9.765625,0.7608530521392822,12.835099987497058,25,3,success
AWS S3,upload,100,102400,9.765625,0.6984801292419434,13.981249560525908,50,1,success
Azure Blob Storage,upload,100,102400,9.765625,1.5100212097167969,6.4672104849649985,50,1,success
AWS S3,download,100,102400,9.765625,0.5427579879760742,17.99259562519877,50,1,success
Azure Blob Storage,download,100,102400,9.765625,0.9049370288848877,10.791496743186352,50,1,success
AWS S3,upload,100,102400,9.765625,0.7113418579101562,13.728455441509272,50,2,success
Azure Blob Storage,upload,100,102400,9.765625,1.1288471221923828,8.650972136097364,50,2,success
AWS S3,download,100,102400,9.765625,0.6109051704406738,15.985500651362319,50,2,success
Azure Blob Storage,download,100,102400,9.765625,0.7888021469116211,12.380322541254644,50,2,success
AWS S3,upload,100,102400,9.765625,0.7775826454162598,12.558954417986287,50,3,success
Azure Blob Storage,upload,100,102400,9.765625,1.0194849967956543,9.578978632048887,50,3,success
AWS S3,download,100,102400,9.765625,0.7161881923675537,13.63555711204493,50,3,success
Azure Blob Storage,download,100,102400,9.765625,0.6884241104125977,14.185477894066064,50,3,success
AWS S3,upload,10,1048576,10.0,0.15738701820373535,63.53764188514669,10,1,success
Azure Blob Storage,upload,10,1048576,10.0,2.0435919761657715,4.893344716865743,10,1,success
AWS S3,download,10,1048576,10.0,0.12923383712768555,77.37911542562809,10,1,success
Azure Blob Storage,download,10,1048576,10.0,1.1354351043701172,8.8071964320211,10,1,success
AWS S3,upload,10,1048576,10.0,0.16617989540100098,60.175750958739414,10,2,success
Azure Blob Storage,upload,10,1048576,10.0,0.898158073425293,11.133897579813695,10,2,success
AWS S3,download,10,1048576,10.0,0.12584805488586426,79.46090234822722,10,2,success
Azure Blob Storage,download,10,1048576,10.0,0.988616943359375,10.115141225497762,10,2,success
AWS S3,upload,10,1048576,10.0,0.16514301300048828,60.55357606906708,10,3,success
Azure Blob Storage,upload,10,1048576,10.0,1.6016130447387695,6.243705389918977,10,3,success
AWS S3,download,10,1048576,10.0,0.12730193138122559,78.5534036404635,10,3,success
Azure Blob Storage,download,10,1048576,10.0,0.9955098628997803,10.045103893668523,10,3,success
AWS S3,upload,10,1048576,10.0,0.1596369743347168,62.6421293793293,25,1,success
Azure Blob Storage,upload,10,1048576,10.0,2.6054179668426514,3.838155768964162,25,1,success
AWS S3,download,10,1048576,10.0,0.12872600555419922,77.68438053326814,25,1,success
Azure Blob Storage,download,10,1048576,10.0,0.9191031455993652,10.880171662864676,25,1,success
AWS S3,upload,10,1048576,10.0,0.16461420059204102,60.74810049214851,25,2,success
Azure Blob Storage,upload,10,1048576,10.0,1.545362949371338,6.470971757196621,25,2,success
AWS S3,download,10,1048576,10.0,0.16476893424987793,60.69105226373951,25,2,success
Azure Blob Storage,download,10,1048576,10.0,0.89261794090271,11.203001353397557,25,2,success
AWS S3,upload,10,1048576,10.0,0.16704201698303223,59.86517752007136,25,3,success
Azure Blob Storage,upload,10,1048576,10.0,1.1382839679718018,8.785154040092504,25,3,success
AWS S3,download,10,1048576,10.0,0.1292281150817871,77.38254166805038,25,3,success
Azure Blob Storage,download,10,1048576,10.0,0.981442928314209,10.189079478290866,25,3,success
AWS S3,upload,10,1048576,10.0,0.16971611976623535,58.92192217082186,50,1,success
Azure Blob Storage,upload,10,1048576,10.0,1.4494142532348633,6.899338803714385,50,1,success
AWS S3,download,10,1048576,10.0,0.12492489814758301,80.04809408118358,50,1,success
Azure Blob Storage,download,10,1048576,10.0,1.0609571933746338,9.425450963004977,50,1,success
AWS S3,upload,10,1048576,10.0,0.16681909561157227,59.945175720676296,50,2,success
Azure Blob Storage,upload,10,1048576,10.0,1.3459787368774414,7.429537871600533,50,2,success
AWS S3,download,10,1048576,10.0,0.14583778381347656,68.56933600136017,50,2,success
Azure Blob Storage,download,10,1048576,10.0,0.9268100261688232,10.789697691701976,50,2,success
AWS S3,upload,10,1048576,10.0,0.18139410018920898,55.12858460980361,50,3,success
Azure Blob Storage,upload,10,1048576,10.0,1.027155876159668,9.735620690199443,50,3,success
AWS S3,download,10,1048576,10.0,0.12945985794067383,77.24402111257214,50,3,success
Azure Blob Storage,download,10,1048576,10.0,1.0216951370239258,9.787655473362426,50,3,success
AWS S3,upload,50,1048576,50.0,0.8297610282897949,60.25831329178483,10,1,success
Azure Blob Storage,upload,50,1048576,50.0,2.4815402030944824,20.148776932023896,10,1,success
AWS S3,download,50,1048576,50.0,0.6344878673553467,78.80371331355555,10,1,success
Azure Blob Storage,download,50,1048576,50.0,1.770488977432251,28.240785815292252,10,1,success
AWS S3,upload,50,1048576,50.0,1.0021388530731201,49.89328559278182,10,2,success
Azure Blob Storage,upload,50,1048576,50.0,4.436521053314209,11.270091902899583,10,2,success
AWS S3,download,50,1048576,50.0,0.6339530944824219,78.8701884022216,10,2,success
Azure Blob Storage,download,50,1048576,50.0,1.754560947418213,28.497157692682944,10,2,success
AWS S3,upload,50,1048576,50.0,0.8221027851104736,60.81964555475996,10,3,success
Azure Blob Storage,upload,50,1048576,50.0,4.005395889282227,12.483160561928894,10,3,success
AWS S3,download,50,1048576,50.0,0.6166017055511475,81.0896232525138,10,3,success
Azure Blob Storage,download,50,1048576,50.0,2.264569044113159,22.07925615250154,10,3,success
AWS S3,upload,50,1048576,50.0,0.8359401226043701,59.81289645988648,25,1,success
Azure Blob Storage,upload,50,1048576,50.0,4.429306268692017,11.288449469710097,25,1,success
AWS S3,download,50,1048576,50.0,0.6357822418212891,78.64327864327865,25,1,success
Azure Blob Storage,download,50,1048576,50.0,2.239241123199463,22.328993283474187,25,1,success
AWS S3,upload,50,1048576,50.0,0.7737231254577637,64.62259993898738,25,2,success
Azure Blob Storage,upload,50,1048576,50.0,2.346914052963257,21.30457224748775,25,2,success
AWS S3,download,50,1048576,50.0,0.595264196395874,83.99631676612385,25,2,success
Azure Blob Storage,download,50,1048576,50.0,2.4035539627075195,20.80252857883696,25,2,success
AWS S3,upload,50,1048576,50.0,0.8446469306945801,59.196331843511715,25,3,success
Azure Blob Storage,upload,50,1048576,50.0,5.271318197250366,9.48529345583446,25,3,success
AWS S3,download,50,1048576,50.0,0.6127910614013672,81.59387946302124,25,3,success
Azure Blob Storage,download,50,1048576,50.0,2.0784530639648438,24.05635271100148,25,3,success
AWS S3,upload,50,1048576,50.0,0.8011448383331299,62.41068731595464,50,1,success
Azure Blob Storage,upload,50,1048576,50.0,3.8653829097747803,12.935329090828233,50,1,success
AWS S3,download,50,1048576,50.0,0.7149059772491455,69.93926696821413,50,1,success
Azure Blob Storage,download,50,1048576,50.0,2.1778910160064697,22.957989923519417,50,1,success
AWS S3,upload,50,1048576,50.0,0.8141438961029053,61.41420483447333,50,2,success
Azure Blob Storage,upload,50,1048576,50.0,5.2800071239471436,9.46968419289211,50,2,success
AWS S3,download,50,1048576,50.0,0.6127970218658447,81.59308582760401,50,2,success
Azure Blob Storage,download,50,1048576,50.0,1.865828275680542,26.79775017438998,50,2,success
AWS S3,upload,50,1048576,50.0,0.8295769691467285,60.2716828691955,50,3,success
Azure Blob Storage,upload,50,1048576,50.0,5.058815956115723,9.883735726648409,50,3,success
AWS S3,download,50,1048576,50.0,0.8976140022277832,55.70323087196198,50,3,success
Azure Blob Storage,download,50,1048576,50.0,1.555222988128662,32.14973054131807,50,3,success
AWS S3,upload,100,1048576,100.0,1.5842037200927734,63.123194783398084,10,1,success
Azure Blob Storage,upload,100,1048576,100.0,4.352491140365601,22.975348317791223,10,1,success
AWS S3,download,100,1048576,100.0,1.3544461727142334,73.83091481561476,10,1,success
Azure Blob Storage,download,100,1048576,100.0,2.9732930660247803,33.632742477584806,10,1,success
AWS S3,upload,100,1048576,100.0,1.6383180618286133,61.03820883741263,10,2,success
Azure Blob Storage,upload,100,1048576,100.0,4.302661895751953,23.24142645247833,10,2,success
AWS S3,download,100,1048576,100.0,1.2870447635650635,77.69737528242912,10,2,success
Azure Blob Storage,download,100,1048576,100.0,3.080018997192383,32.467332211637604,10,2,success
AWS S3,upload,100,1048576,100.0,1.6465559005737305,60.73283024594289,10,3,success
Azure Blob Storage,upload,100,1048576,100.0,5.1504340171813965,19.415839454773863,10,3,success
AWS S3,download,100,1048576,100.0,1.3544540405273438,73.83048594330005,10,3,success
Azure Blob Storage,download,100,1048576,100.0,3.0905826091766357,32.35635886356103,10,3,success
AWS S3,upload,100,1048576,100.0,1.625607967376709,61.51544653251972,25,1,success
Azure Blob Storage,upload,100,1048576,100.0,5.102508783340454,19.59820242279585,25,1,success
AWS S3,download,100,1048576,100.0,1.4772839546203613,67.69179323124675,25,1,success
Azure Blob Storage,download,100,1048576,100.0,3.501164197921753,28.561928075055363,25,1,success
AWS S3,upload,100,1048576,100.0,1.6608259677886963,60.21100460823407,25,2,success
Azure Blob Storage,upload,100,1048576,100.0,5.579503059387207,17.9227431073374,25,2,success
AWS S3,download,100,1048576,100.0,1.2892827987670898,77.56250226531185,25,2,success
Azure Blob Storage,download,100,1048576,100.0,3.63576602935791,27.504520145830277,25,2,success
AWS S3,upload,100,1048576,100.0,1.8112587928771973,55.21022197007491,25,3,success
Azure Blob Storage,upload,100,1048576,100.0,7.040184020996094,14.204174166721755,25,3,success
AWS S3,download,100,1048576,100.0,1.3914620876312256,71.86685206079625,25,3,success
Azure Blob Storage,download,100,1048576,100.0,3.166109085083008,31.58450871801792,25,3,success
AWS S3,upload,100,1048576,100.0,1.6190152168273926,61.76594201255198,50,1,success
Azure Blob Storage,upload,100,1048576,100.0,5.128558158874512,19.49865769328538,50,1,success
AWS S3,download,100,1048576,100.0,1.3956358432769775,71.65192874754365,50,1,success
Azure Blob Storage,download,100,1048576,100.0,3.0558230876922607,32.72440750996466,50,1,success
AWS S3,upload,100,1048576,100.0,1.581873893737793,63.21616431997058,50,2,success
Azure Blob Storage,upload,100,1048576,100.0,5.313297271728516,18.820704900531215,50,2,success
AWS S3,download,100,1048576,100.0,1.3202629089355469,75.74248986561649,50,2,success
Azure Blob Storage,download,100,1048576,100.0,3.630991220474243,27.54068900969114,50,2,success
AWS S3,upload,100,1048576,100.0,1.617414951324463,61.82705305037051,50,3,success
Azure Blob Storage,upload,100,1048576,100.0,4.39453387260437,22.755541975316746,50,3,success
AWS S3,download,100,1048576,100.0,1.2458930015563965,80.26371435996336,50,3,success
Azure Blob Storage,download,100,1048576,100.0,4.744203090667725,21.07835564558967,50,3,success
